,date,feature,correlation,abs_correlation,rank
0,2020-07-08,DGS10_d1,0.0498,0.0498,11
1,2020-07-08,DGS2_d1,0.00651,0.00651,15
2,2020-07-08,VIXCLS_d1,-0.294632,0.294632,3
3,2020-07-08,DTWEXBGS_d1,-0.034775,0.034775,13
4,2020-07-08,DFF_d1,-0.18214,0.18214,7
5,2020-07-08,spy_ret,0.274739,0.274739,5
6,2020-07-08,qqq_ret,0.282338,0.282338,4
7,2020-07-08,gld_ret,0.208535,0.208535,6
8,2020-07-08,defi_tvl_usd_ret,-0.024184,0.024184,14
9,2020-07-08,stables_total_usd_ret,-0.091087,0.091087,10
10,2020-07-08,fng_value_d1,0.045083,0.045083,12
11,2020-07-08,cme_btc_basis_close_d1,0.118284,0.118284,8
12,2020-07-08,btc_exchange_netflow_d1,0.295384,0.295384,2
13,2020-07-08,btc_miner_to_exchange_flow_d1,0.103284,0.103284,9
14,2020-07-08,btc_mvrv_d1,0.984533,0.984533,1
15,2020-08-07,DGS10_d1,0.088342,0.088342,11
16,2020-08-07,DGS2_d1,0.019843,0.019843,14
17,2020-08-07,VIXCLS_d1,-0.31553,0.31553,2
18,2020-08-07,DTWEXBGS_d1,-0.085819,0.085819,12
19,2020-08-07,DFF_d1,-0.163556,0.163556,7
20,2020-08-07,spy_ret,0.304823,0.304823,4
21,2020-08-07,qqq_ret,0.311356,0.311356,3
22,2020-08-07,gld_ret,0.230093,0.230093,6
23,2020-08-07,defi_tvl_usd_ret,-0.041125,0.041125,13
24,2020-08-07,stables_total_usd_ret,-0.090424,0.090424,10
25,2020-08-07,fng_value_d1,0.013188,0.013188,15
26,2020-08-07,cme_btc_basis_close_d1,0.110112,0.110112,9
27,2020-08-07,btc_exchange_netflow_d1,0.274622,0.274622,5
28,2020-08-07,btc_miner_to_exchange_flow_d1,0.116593,0.116593,8
29,2020-08-07,btc_mvrv_d1,0.982401,0.982401,1
30,2020-09-06,DGS10_d1,0.079759,0.079759,10
31,2020-09-06,DGS2_d1,-0.057081,0.057081,12
32,2020-09-06,VIXCLS_d1,-0.357855,0.357855,2
33,2020-09-06,DTWEXBGS_d1,-0.074948,0.074948,11
34,2020-09-06,DFF_d1,-0.17756,0.17756,7
35,2020-09-06,spy_ret,0.314398,0.314398,4
36,2020-09-06,qqq_ret,0.345328,0.345328,3
37,2020-09-06,gld_ret,0.277152,0.277152,5
38,2020-09-06,defi_tvl_usd_ret,-0.027211,0.027211,15
39,2020-09-06,stables_total_usd_ret,-0.138864,0.138864,8
40,2020-09-06,fng_value_d1,-0.052417,0.052417,13
41,2020-09-06,cme_btc_basis_close_d1,0.048716,0.048716,14
42,2020-09-06,btc_exchange_netflow_d1,0.253832,0.253832,6
43,2020-09-06,btc_miner_to_exchange_flow_d1,0.115661,0.115661,9
44,2020-09-06,btc_mvrv_d1,0.979664,0.979664,1
45,2020-10-10,DGS10_d1,0.096651,0.096651,12
46,2020-10-10,DGS2_d1,-0.175728,0.175728,7
47,2020-10-10,VIXCLS_d1,-0.325744,0.325744,3
48,2020-10-10,DTWEXBGS_d1,-0.240415,0.240415,6
49,2020-10-10,DFF_d1,-0.057899,0.057899,14
50,2020-10-10,spy_ret,0.294951,0.294951,4
51,2020-10-10,qqq_ret,0.294741,0.294741,5
52,2020-10-10,gld_ret,0.38731,0.38731,2
53,2020-10-10,defi_tvl_usd_ret,-0.031242,0.031242,15
54,2020-10-10,stables_total_usd_ret,-0.120955,0.120955,10
55,2020-10-10,fng_value_d1,-0.086922,0.086922,13
56,2020-10-10,cme_btc_basis_close_d1,0.134605,0.134605,9
57,2020-10-10,btc_exchange_netflow_d1,0.148536,0.148536,8
58,2020-10-10,btc_miner_to_exchange_flow_d1,0.110167,0.110167,11
59,2020-10-10,btc_mvrv_d1,0.990316,0.990316,1
60,2020-11-09,DGS10_d1,0.113922,0.113922,11
61,2020-11-09,DGS2_d1,-0.178063,0.178063,7
62,2020-11-09,VIXCLS_d1,-0.270741,0.270741,4
63,2020-11-09,DTWEXBGS_d1,-0.330453,0.330453,3
64,2020-11-09,DFF_d1,-0.012807,0.012807,15
65,2020-11-09,spy_ret,0.264327,0.264327,6
66,2020-11-09,qqq_ret,0.270398,0.270398,5
67,2020-11-09,gld_ret,0.436997,0.436997,2
68,2020-11-09,defi_tvl_usd_ret,-0.153195,0.153195,9
69,2020-11-09,stables_total_usd_ret,-0.106947,0.106947,12
70,2020-11-09,fng_value_d1,-0.135431,0.135431,10
71,2020-11-09,cme_btc_basis_close_d1,0.02782,0.02782,14
72,2020-11-09,btc_exchange_netflow_d1,0.055984,0.055984,13
73,2020-11-09,btc_miner_to_exchange_flow_d1,0.159727,0.159727,8
74,2020-11-09,btc_mvrv_d1,0.993186,0.993186,1
75,2020-12-16,DGS10_d1,0.100167,0.100167,10
76,2020-12-16,DGS2_d1,-0.063785,0.063785,12
77,2020-12-16,VIXCLS_d1,-0.35442,0.35442,3
78,2020-12-16,DTWEXBGS_d1,-0.392876,0.392876,2
79,2020-12-16,DFF_d1,0.058546,0.058546,13
80,2020-12-16,spy_ret,0.312359,0.312359,5
81,2020-12-16,qqq_ret,0.308648,0.308648,6
82,2020-12-16,gld_ret,0.336673,0.336673,4
83,2020-12-16,defi_tvl_usd_ret,-0.150413,0.150413,9
84,2020-12-16,stables_total_usd_ret,0.009467,0.009467,15
85,2020-12-16,fng_value_d1,-0.177765,0.177765,8
86,2020-12-16,cme_btc_basis_close_d1,0.046108,0.046108,14
87,2020-12-16,btc_exchange_netflow_d1,0.097041,0.097041,11
88,2020-12-16,btc_miner_to_exchange_flow_d1,0.183534,0.183534,7
89,2020-12-16,btc_mvrv_d1,0.989492,0.989492,1
90,2021-01-22,DGS10_d1,0.059204,0.059204,13
91,2021-01-22,DGS2_d1,0.031347,0.031347,14
92,2021-01-22,VIXCLS_d1,-0.28685,0.28685,2
93,2021-01-22,DTWEXBGS_d1,-0.268239,0.268239,3
94,2021-01-22,DFF_d1,0.163963,0.163963,8
95,2021-01-22,spy_ret,0.224735,0.224735,4
96,2021-01-22,qqq_ret,0.205466,0.205466,6
97,2021-01-22,gld_ret,0.210317,0.210317,5
98,2021-01-22,defi_tvl_usd_ret,-0.063591,0.063591,12
99,2021-01-22,stables_total_usd_ret,0.138527,0.138527,9
100,2021-01-22,fng_value_d1,-0.184452,0.184452,7
101,2021-01-22,cme_btc_basis_close_d1,0.078617,0.078617,11
102,2021-01-22,btc_exchange_netflow_d1,0.023682,0.023682,15
103,2021-01-22,btc_miner_to_exchange_flow_d1,0.089735,0.089735,10
104,2021-01-22,btc_mvrv_d1,0.979851,0.979851,1
105,2021-03-04,DGS10_d1,0.041101,0.041101,13
106,2021-03-04,DGS2_d1,-0.034001,0.034001,14
107,2021-03-04,VIXCLS_d1,-0.385616,0.385616,2
108,2021-03-04,DTWEXBGS_d1,-0.24794,0.24794,4
109,2021-03-04,DFF_d1,0.072175,0.072175,9
110,2021-03-04,spy_ret,0.255232,0.255232,3
111,2021-03-04,qqq_ret,0.217938,0.217938,5
112,2021-03-04,gld_ret,0.181634,0.181634,7
113,2021-03-04,defi_tvl_usd_ret,-0.049539,0.049539,12
114,2021-03-04,stables_total_usd_ret,0.135997,0.135997,8
115,2021-03-04,fng_value_d1,-0.204149,0.204149,6
116,2021-03-04,cme_btc_basis_close_d1,0.06972,0.06972,10
117,2021-03-04,btc_exchange_netflow_d1,0.061604,0.061604,11
118,2021-03-04,btc_miner_to_exchange_flow_d1,0.010727,0.010727,15
119,2021-03-04,btc_mvrv_d1,0.971805,0.971805,1
120,2021-04-05,DGS10_d1,0.053998,0.053998,11
121,2021-04-05,DGS2_d1,-0.017607,0.017607,13
122,2021-04-05,VIXCLS_d1,-0.288351,0.288351,2
123,2021-04-05,DTWEXBGS_d1,-0.243096,0.243096,3
124,2021-04-05,DFF_d1,0.026363,0.026363,12
125,2021-04-05,spy_ret,0.219119,0.219119,4
126,2021-04-05,qqq_ret,0.182165,0.182165,5
127,2021-04-05,gld_ret,0.095629,0.095629,8
128,2021-04-05,defi_tvl_usd_ret,-0.011302,0.011302,15
129,2021-04-05,stables_total_usd_ret,0.14013,0.14013,7
130,2021-04-05,fng_value_d1,-0.168291,0.168291,6
131,2021-04-05,cme_btc_basis_close_d1,0.084916,0.084916,9
132,2021-04-05,btc_exchange_netflow_d1,0.059747,0.059747,10
133,2021-04-05,btc_miner_to_exchange_flow_d1,0.016751,0.016751,14
134,2021-04-05,btc_mvrv_d1,0.973487,0.973487,1
135,2021-05-07,DGS10_d1,0.03222,0.03222,11
136,2021-05-07,DGS2_d1,-0.009521,0.009521,14
137,2021-05-07,VIXCLS_d1,-0.246079,0.246079,2
138,2021-05-07,DTWEXBGS_d1,-0.210646,0.210646,3
139,2021-05-07,DFF_d1,-0.000281,0.000281,15
140,2021-05-07,spy_ret,0.184766,0.184766,5
141,2021-05-07,qqq_ret,0.192391,0.192391,4
142,2021-05-07,gld_ret,0.058743,0.058743,9
143,2021-05-07,defi_tvl_usd_ret,-0.014034,0.014034,13
144,2021-05-07,stables_total_usd_ret,0.096423,0.096423,8
145,2021-05-07,fng_value_d1,-0.160998,0.160998,6
146,2021-05-07,cme_btc_basis_close_d1,0.141301,0.141301,7
147,2021-05-07,btc_exchange_netflow_d1,0.044152,0.044152,10
148,2021-05-07,btc_miner_to_exchange_flow_d1,-0.017123,0.017123,12
149,2021-05-07,btc_mvrv_d1,0.978844,0.978844,1
150,2021-06-10,DGS10_d1,-0.009757,0.009757,15
151,2021-06-10,DGS2_d1,-0.038691,0.038691,13
152,2021-06-10,VIXCLS_d1,-0.262473,0.262473,2
153,2021-06-10,DTWEXBGS_d1,-0.132244,0.132244,7
154,2021-06-10,DFF_d1,0.037196,0.037196,14
155,2021-06-10,spy_ret,0.213626,0.213626,3
156,2021-06-10,qqq_ret,0.202843,0.202843,4
157,2021-06-10,gld_ret,-0.052124,0.052124,11
158,2021-06-10,defi_tvl_usd_ret,0.039919,0.039919,12
159,2021-06-10,stables_total_usd_ret,0.068582,0.068582,8
160,2021-06-10,fng_value_d1,-0.193005,0.193005,5
161,2021-06-10,cme_btc_basis_close_d1,0.064799,0.064799,9
162,2021-06-10,btc_exchange_netflow_d1,-0.054124,0.054124,10
163,2021-06-10,btc_miner_to_exchange_flow_d1,-0.168795,0.168795,6
164,2021-06-10,btc_mvrv_d1,0.974934,0.974934,1
165,2021-07-28,DGS10_d1,0.005743,0.005743,15
166,2021-07-28,DGS2_d1,-0.088765,0.088765,8
167,2021-07-28,VIXCLS_d1,-0.262962,0.262962,2
168,2021-07-28,DTWEXBGS_d1,-0.118482,0.118482,7
169,2021-07-28,DFF_d1,0.017138,0.017138,14
170,2021-07-28,spy_ret,0.238666,0.238666,3
171,2021-07-28,qqq_ret,0.225076,0.225076,4
172,2021-07-28,gld_ret,-0.045542,0.045542,12
173,2021-07-28,defi_tvl_usd_ret,0.086671,0.086671,9
174,2021-07-28,stables_total_usd_ret,0.058686,0.058686,11
175,2021-07-28,fng_value_d1,-0.158361,0.158361,6
176,2021-07-28,cme_btc_basis_close_d1,0.026194,0.026194,13
177,2021-07-28,btc_exchange_netflow_d1,-0.077279,0.077279,10
178,2021-07-28,btc_miner_to_exchange_flow_d1,-0.172325,0.172325,5
179,2021-07-28,btc_mvrv_d1,0.968978,0.968978,1
180,2021-09-05,DGS10_d1,-0.029007,0.029007,13
181,2021-09-05,DGS2_d1,-0.146507,0.146507,6
182,2021-09-05,VIXCLS_d1,-0.274026,0.274026,2
183,2021-09-05,DTWEXBGS_d1,-0.106409,0.106409,8
184,2021-09-05,DFF_d1,-0.059099,0.059099,10
185,2021-09-05,spy_ret,0.228894,0.228894,4
186,2021-09-05,qqq_ret,0.242302,0.242302,3
187,2021-09-05,gld_ret,-0.013197,0.013197,15
188,2021-09-05,defi_tvl_usd_ret,0.083634,0.083634,9
189,2021-09-05,stables_total_usd_ret,-0.034003,0.034003,12
190,2021-09-05,fng_value_d1,-0.12782,0.12782,7
191,2021-09-05,cme_btc_basis_close_d1,0.024458,0.024458,14
192,2021-09-05,btc_exchange_netflow_d1,-0.058635,0.058635,11
193,2021-09-05,btc_miner_to_exchange_flow_d1,-0.15146,0.15146,5
194,2021-09-05,btc_mvrv_d1,0.969382,0.969382,1
195,2021-10-09,DGS10_d1,-0.082036,0.082036,11
196,2021-10-09,DGS2_d1,-0.091964,0.091964,9
197,2021-10-09,VIXCLS_d1,-0.249507,0.249507,3
198,2021-10-09,DTWEXBGS_d1,-0.087739,0.087739,10
199,2021-10-09,DFF_d1,-0.014807,0.014807,15
200,2021-10-09,spy_ret,0.245838,0.245838,4
201,2021-10-09,qqq_ret,0.281714,0.281714,2
202,2021-10-09,gld_ret,-0.028731,0.028731,13
203,2021-10-09,defi_tvl_usd_ret,0.191806,0.191806,5
204,2021-10-09,stables_total_usd_ret,-0.101055,0.101055,8
205,2021-10-09,fng_value_d1,-0.038307,0.038307,12
206,2021-10-09,cme_btc_basis_close_d1,-0.022877,0.022877,14
207,2021-10-09,btc_exchange_netflow_d1,-0.113982,0.113982,7
208,2021-10-09,btc_miner_to_exchange_flow_d1,-0.122005,0.122005,6
209,2021-10-09,btc_mvrv_d1,0.976715,0.976715,1
210,2021-11-08,DGS10_d1,-0.048986,0.048986,11
211,2021-11-08,DGS2_d1,-0.065997,0.065997,10
212,2021-11-08,VIXCLS_d1,-0.271858,0.271858,3
213,2021-11-08,DTWEXBGS_d1,-0.090702,0.090702,8
214,2021-11-08,DFF_d1,-0.029171,0.029171,14
215,2021-11-08,spy_ret,0.256154,0.256154,4
216,2021-11-08,qqq_ret,0.286802,0.286802,2
217,2021-11-08,gld_ret,-0.036049,0.036049,13
218,2021-11-08,defi_tvl_usd_ret,0.168041,0.168041,5
219,2021-11-08,stables_total_usd_ret,-0.084494,0.084494,9
220,2021-11-08,fng_value_d1,-0.045436,0.045436,12
221,2021-11-08,cme_btc_basis_close_d1,-0.011179,0.011179,15
222,2021-11-08,btc_exchange_netflow_d1,-0.121494,0.121494,6
223,2021-11-08,btc_miner_to_exchange_flow_d1,-0.102266,0.102266,7
224,2021-11-08,btc_mvrv_d1,0.983336,0.983336,1
225,2021-12-15,DGS10_d1,0.043258,0.043258,13
226,2021-12-15,DGS2_d1,0.00828,0.00828,14
227,2021-12-15,VIXCLS_d1,-0.311876,0.311876,2
228,2021-12-15,DTWEXBGS_d1,-0.123349,0.123349,7
229,2021-12-15,DFF_d1,-0.004272,0.004272,15
230,2021-12-15,spy_ret,0.301409,0.301409,3
231,2021-12-15,qqq_ret,0.298113,0.298113,4
232,2021-12-15,gld_ret,-0.063262,0.063262,11
233,2021-12-15,defi_tvl_usd_ret,0.184304,0.184304,5
234,2021-12-15,stables_total_usd_ret,-0.11305,0.11305,9
235,2021-12-15,fng_value_d1,-0.053018,0.053018,12
236,2021-12-15,cme_btc_basis_close_d1,-0.072378,0.072378,10
237,2021-12-15,btc_exchange_netflow_d1,-0.152468,0.152468,6
238,2021-12-15,btc_miner_to_exchange_flow_d1,-0.115723,0.115723,8
239,2021-12-15,btc_mvrv_d1,0.989308,0.989308,1
240,2022-01-16,DGS10_d1,0.096429,0.096429,7
241,2022-01-16,DGS2_d1,0.039995,0.039995,9
242,2022-01-16,VIXCLS_d1,-0.335729,0.335729,2
243,2022-01-16,DTWEXBGS_d1,-0.120128,0.120128,6
244,2022-01-16,DFF_d1,-0.034975,0.034975,11
245,2022-01-16,spy_ret,0.325803,0.325803,4
246,2022-01-16,qqq_ret,0.328157,0.328157,3
247,2022-01-16,gld_ret,-0.017082,0.017082,14
248,2022-01-16,defi_tvl_usd_ret,0.253479,0.253479,5
249,2022-01-16,stables_total_usd_ret,-0.018084,0.018084,13
250,2022-01-16,fng_value_d1,0.008156,0.008156,15
251,2022-01-16,cme_btc_basis_close_d1,-0.037436,0.037436,10
252,2022-01-16,btc_exchange_netflow_d1,-0.046276,0.046276,8
253,2022-01-16,btc_miner_to_exchange_flow_d1,0.023773,0.023773,12
254,2022-01-16,btc_mvrv_d1,0.987935,0.987935,1
255,2022-03-05,DGS10_d1,0.251557,0.251557,5
256,2022-03-05,DGS2_d1,0.165866,0.165866,7
257,2022-03-05,VIXCLS_d1,-0.440812,0.440812,2
258,2022-03-05,DTWEXBGS_d1,-0.114993,0.114993,8
259,2022-03-05,DFF_d1,-0.023844,0.023844,14
260,2022-03-05,spy_ret,0.403057,0.403057,3
261,2022-03-05,qqq_ret,0.397046,0.397046,4
262,2022-03-05,gld_ret,-0.064894,0.064894,10
263,2022-03-05,defi_tvl_usd_ret,0.231036,0.231036,6
264,2022-03-05,stables_total_usd_ret,0.029421,0.029421,13
265,2022-03-05,fng_value_d1,0.033753,0.033753,12
266,2022-03-05,cme_btc_basis_close_d1,-0.014306,0.014306,15
267,2022-03-05,btc_exchange_netflow_d1,-0.079242,0.079242,9
268,2022-03-05,btc_miner_to_exchange_flow_d1,0.038775,0.038775,11
269,2022-03-05,btc_mvrv_d1,0.987225,0.987225,1
270,2022-04-09,DGS10_d1,0.216475,0.216475,5
271,2022-04-09,DGS2_d1,0.171591,0.171591,7
272,2022-04-09,VIXCLS_d1,-0.433894,0.433894,4
273,2022-04-09,DTWEXBGS_d1,-0.156289,0.156289,8
274,2022-04-09,DFF_d1,0.032191,0.032191,11
275,2022-04-09,spy_ret,0.439903,0.439903,2
276,2022-04-09,qqq_ret,0.437829,0.437829,3
277,2022-04-09,gld_ret,-0.067811,0.067811,10
278,2022-04-09,defi_tvl_usd_ret,0.178337,0.178337,6
279,2022-04-09,stables_total_usd_ret,-0.004196,0.004196,15
280,2022-04-09,fng_value_d1,0.02141,0.02141,12
281,2022-04-09,cme_btc_basis_close_d1,-0.011741,0.011741,13
282,2022-04-09,btc_exchange_netflow_d1,-0.085955,0.085955,9
283,2022-04-09,btc_miner_to_exchange_flow_d1,0.008781,0.008781,14
284,2022-04-09,btc_mvrv_d1,0.984755,0.984755,1
285,2022-05-20,DGS10_d1,0.216466,0.216466,5
286,2022-05-20,DGS2_d1,0.158467,0.158467,7
287,2022-05-20,VIXCLS_d1,-0.501934,0.501934,4
288,2022-05-20,DTWEXBGS_d1,-0.164323,0.164323,6
289,2022-05-20,DFF_d1,-0.067886,0.067886,10
290,2022-05-20,spy_ret,0.526272,0.526272,3
291,2022-05-20,qqq_ret,0.53504,0.53504,2
292,2022-05-20,gld_ret,-0.03125,0.03125,12
293,2022-05-20,defi_tvl_usd_ret,-0.015364,0.015364,14
294,2022-05-20,stables_total_usd_ret,0.026211,0.026211,13
295,2022-05-20,fng_value_d1,-0.060866,0.060866,11
296,2022-05-20,cme_btc_basis_close_d1,0.068772,0.068772,9
297,2022-05-20,btc_exchange_netflow_d1,-0.142166,0.142166,8
298,2022-05-20,btc_miner_to_exchange_flow_d1,-0.00416,0.00416,15
299,2022-05-20,btc_mvrv_d1,0.973974,0.973974,1
300,2022-06-29,DGS10_d1,0.106015,0.106015,9
301,2022-06-29,DGS2_d1,0.094015,0.094015,10
302,2022-06-29,VIXCLS_d1,-0.521862,0.521862,4
303,2022-06-29,DTWEXBGS_d1,-0.137589,0.137589,6
304,2022-06-29,DFF_d1,-0.113493,0.113493,8
305,2022-06-29,spy_ret,0.548354,0.548354,3
306,2022-06-29,qqq_ret,0.560626,0.560626,2
307,2022-06-29,gld_ret,0.01064,0.01064,14
308,2022-06-29,defi_tvl_usd_ret,-0.02808,0.02808,13
309,2022-06-29,stables_total_usd_ret,0.007119,0.007119,15
310,2022-06-29,fng_value_d1,-0.040028,0.040028,12
311,2022-06-29,cme_btc_basis_close_d1,0.080182,0.080182,11
312,2022-06-29,btc_exchange_netflow_d1,-0.13682,0.13682,7
313,2022-06-29,btc_miner_to_exchange_flow_d1,-0.151757,0.151757,5
314,2022-06-29,btc_mvrv_d1,0.965987,0.965987,1
315,2022-07-29,DGS10_d1,0.082455,0.082455,11
316,2022-07-29,DGS2_d1,0.09775,0.09775,8
317,2022-07-29,VIXCLS_d1,-0.522167,0.522167,4
318,2022-07-29,DTWEXBGS_d1,-0.165686,0.165686,5
319,2022-07-29,DFF_d1,-0.097988,0.097988,7
320,2022-07-29,spy_ret,0.565869,0.565869,3
321,2022-07-29,qqq_ret,0.590017,0.590017,2
322,2022-07-29,gld_ret,0.042901,0.042901,14
323,2022-07-29,defi_tvl_usd_ret,0.025544,0.025544,15
324,2022-07-29,stables_total_usd_ret,0.045522,0.045522,13
325,2022-07-29,fng_value_d1,0.054474,0.054474,12
326,2022-07-29,cme_btc_basis_close_d1,0.089568,0.089568,10
327,2022-07-29,btc_exchange_netflow_d1,-0.104165,0.104165,6
328,2022-07-29,btc_miner_to_exchange_flow_d1,-0.090058,0.090058,9
329,2022-07-29,btc_mvrv_d1,0.966313,0.966313,1
330,2022-09-14,DGS10_d1,0.03716,0.03716,12
331,2022-09-14,DGS2_d1,0.036955,0.036955,13
332,2022-09-14,VIXCLS_d1,-0.537865,0.537865,4
333,2022-09-14,DTWEXBGS_d1,-0.238371,0.238371,5
334,2022-09-14,DFF_d1,-0.107492,0.107492,6
335,2022-09-14,spy_ret,0.587798,0.587798,3
336,2022-09-14,qqq_ret,0.601159,0.601159,2
337,2022-09-14,gld_ret,0.081266,0.081266,8
338,2022-09-14,defi_tvl_usd_ret,0.017954,0.017954,14
339,2022-09-14,stables_total_usd_ret,0.077557,0.077557,11
340,2022-09-14,fng_value_d1,0.007778,0.007778,15
341,2022-09-14,cme_btc_basis_close_d1,0.079839,0.079839,9
342,2022-09-14,btc_exchange_netflow_d1,-0.083139,0.083139,7
343,2022-09-14,btc_miner_to_exchange_flow_d1,-0.079782,0.079782,10
344,2022-09-14,btc_mvrv_d1,0.965874,0.965874,1
345,2022-11-06,DGS10_d1,-0.071437,0.071437,9
346,2022-11-06,DGS2_d1,-0.052711,0.052711,12
347,2022-11-06,VIXCLS_d1,-0.525186,0.525186,4
348,2022-11-06,DTWEXBGS_d1,-0.301701,0.301701,5
349,2022-11-06,DFF_d1,-0.055779,0.055779,11
350,2022-11-06,spy_ret,0.574535,0.574535,3
351,2022-11-06,qqq_ret,0.58298,0.58298,2
352,2022-11-06,gld_ret,0.214979,0.214979,6
353,2022-11-06,defi_tvl_usd_ret,-0.016251,0.016251,15
354,2022-11-06,stables_total_usd_ret,0.027239,0.027239,13
355,2022-11-06,fng_value_d1,-0.020603,0.020603,14
356,2022-11-06,cme_btc_basis_close_d1,0.121841,0.121841,7
357,2022-11-06,btc_exchange_netflow_d1,-0.05953,0.05953,10
358,2022-11-06,btc_miner_to_exchange_flow_d1,-0.078495,0.078495,8
359,2022-11-06,btc_mvrv_d1,0.965089,0.965089,1
360,2023-01-14,DGS10_d1,-0.080664,0.080664,8
361,2023-01-14,DGS2_d1,-0.077563,0.077563,9
362,2023-01-14,VIXCLS_d1,-0.532243,0.532243,4
363,2023-01-14,DTWEXBGS_d1,-0.310187,0.310187,5
364,2023-01-14,DFF_d1,-0.07037,0.07037,10
365,2023-01-14,spy_ret,0.560853,0.560853,2
366,2023-01-14,qqq_ret,0.556672,0.556672,3
367,2023-01-14,gld_ret,0.255143,0.255143,6
368,2023-01-14,defi_tvl_usd_ret,0.004982,0.004982,15
369,2023-01-14,stables_total_usd_ret,-0.060932,0.060932,11
370,2023-01-14,fng_value_d1,0.011893,0.011893,14
371,2023-01-14,cme_btc_basis_close_d1,0.095599,0.095599,7
372,2023-01-14,btc_exchange_netflow_d1,-0.016798,0.016798,13
373,2023-01-14,btc_miner_to_exchange_flow_d1,0.02277,0.02277,12
374,2023-01-14,btc_mvrv_d1,0.969064,0.969064,1
375,2023-02-13,DGS10_d1,-0.079856,0.079856,10
376,2023-02-13,DGS2_d1,-0.093769,0.093769,8
377,2023-02-13,VIXCLS_d1,-0.463135,0.463135,4
378,2023-02-13,DTWEXBGS_d1,-0.306919,0.306919,5
379,2023-02-13,DFF_d1,0.013691,0.013691,15
380,2023-02-13,spy_ret,0.508899,0.508899,2
381,2023-02-13,qqq_ret,0.489292,0.489292,3
382,2023-02-13,gld_ret,0.276222,0.276222,6
383,2023-02-13,defi_tvl_usd_ret,0.06758,0.06758,11
384,2023-02-13,stables_total_usd_ret,-0.092819,0.092819,9
385,2023-02-13,fng_value_d1,0.038775,0.038775,13
386,2023-02-13,cme_btc_basis_close_d1,0.110984,0.110984,7
387,2023-02-13,btc_exchange_netflow_d1,0.044769,0.044769,12
388,2023-02-13,btc_miner_to_exchange_flow_d1,-0.032126,0.032126,14
389,2023-02-13,btc_mvrv_d1,0.976856,0.976856,1
390,2023-03-20,DGS10_d1,-0.078036,0.078036,14
391,2023-03-20,DGS2_d1,-0.069268,0.069268,15
392,2023-03-20,VIXCLS_d1,-0.365114,0.365114,4
393,2023-03-20,DTWEXBGS_d1,-0.308201,0.308201,5
394,2023-03-20,DFF_d1,0.147994,0.147994,7
395,2023-03-20,spy_ret,0.429041,0.429041,3
396,2023-03-20,qqq_ret,0.44146,0.44146,2
397,2023-03-20,gld_ret,0.300694,0.300694,6
398,2023-03-20,defi_tvl_usd_ret,0.123824,0.123824,10
399,2023-03-20,stables_total_usd_ret,-0.095478,0.095478,12
400,2023-03-20,fng_value_d1,0.084764,0.084764,13
401,2023-03-20,cme_btc_basis_close_d1,0.138713,0.138713,9
402,2023-03-20,btc_exchange_netflow_d1,0.140699,0.140699,8
403,2023-03-20,btc_miner_to_exchange_flow_d1,0.123808,0.123808,11
404,2023-03-20,btc_mvrv_d1,0.990672,0.990672,1
405,2023-04-19,DGS10_d1,-0.140986,0.140986,10
406,2023-04-19,DGS2_d1,-0.125365,0.125365,12
407,2023-04-19,VIXCLS_d1,-0.357607,0.357607,4
408,2023-04-19,DTWEXBGS_d1,-0.288568,0.288568,5
409,2023-04-19,DFF_d1,0.161653,0.161653,9
410,2023-04-19,spy_ret,0.422705,0.422705,3
411,2023-04-19,qqq_ret,0.430157,0.430157,2
412,2023-04-19,gld_ret,0.284554,0.284554,6
413,2023-04-19,defi_tvl_usd_ret,0.067625,0.067625,14
414,2023-04-19,stables_total_usd_ret,-0.128061,0.128061,11
415,2023-04-19,fng_value_d1,0.021858,0.021858,15
416,2023-04-19,cme_btc_basis_close_d1,0.214114,0.214114,7
417,2023-04-19,btc_exchange_netflow_d1,0.169551,0.169551,8
418,2023-04-19,btc_miner_to_exchange_flow_d1,0.095133,0.095133,13
419,2023-04-19,btc_mvrv_d1,0.987709,0.987709,1
420,2023-05-26,DGS10_d1,-0.124049,0.124049,11
421,2023-05-26,DGS2_d1,-0.083187,0.083187,13
422,2023-05-26,VIXCLS_d1,-0.279876,0.279876,4
423,2023-05-26,DTWEXBGS_d1,-0.23899,0.23899,7
424,2023-05-26,DFF_d1,0.164974,0.164974,8
425,2023-05-26,spy_ret,0.340752,0.340752,3
426,2023-05-26,qqq_ret,0.348356,0.348356,2
427,2023-05-26,gld_ret,0.271005,0.271005,5
428,2023-05-26,defi_tvl_usd_ret,0.068216,0.068216,14
429,2023-05-26,stables_total_usd_ret,-0.141104,0.141104,9
430,2023-05-26,fng_value_d1,0.1241,0.1241,10
431,2023-05-26,cme_btc_basis_close_d1,0.240928,0.240928,6
432,2023-05-26,btc_exchange_netflow_d1,0.106596,0.106596,12
433,2023-05-26,btc_miner_to_exchange_flow_d1,0.062477,0.062477,15
434,2023-05-26,btc_mvrv_d1,0.985608,0.985608,1
435,2023-06-30,DGS10_d1,-0.100813,0.100813,11
436,2023-06-30,DGS2_d1,-0.028874,0.028874,15
437,2023-06-30,VIXCLS_d1,-0.237552,0.237552,5
438,2023-06-30,DTWEXBGS_d1,-0.172446,0.172446,7
439,2023-06-30,DFF_d1,0.128727,0.128727,9
440,2023-06-30,spy_ret,0.3085,0.3085,3
441,2023-06-30,qqq_ret,0.31435,0.31435,2
442,2023-06-30,gld_ret,0.193999,0.193999,6
443,2023-06-30,defi_tvl_usd_ret,0.05808,0.05808,14
444,2023-06-30,stables_total_usd_ret,-0.070972,0.070972,13
445,2023-06-30,fng_value_d1,0.115627,0.115627,10
446,2023-06-30,cme_btc_basis_close_d1,0.268047,0.268047,4
447,2023-06-30,btc_exchange_netflow_d1,0.142509,0.142509,8
448,2023-06-30,btc_miner_to_exchange_flow_d1,0.084551,0.084551,12
449,2023-06-30,btc_mvrv_d1,0.987882,0.987882,1
450,2023-08-06,DGS10_d1,-0.098223,0.098223,9
451,2023-08-06,DGS2_d1,-0.031849,0.031849,13
452,2023-08-06,VIXCLS_d1,-0.150466,0.150466,5
453,2023-08-06,DTWEXBGS_d1,-0.097622,0.097622,10
454,2023-08-06,DFF_d1,0.1136,0.1136,7
455,2023-08-06,spy_ret,0.239742,0.239742,3
456,2023-08-06,qqq_ret,0.263436,0.263436,2
457,2023-08-06,gld_ret,0.147987,0.147987,6
458,2023-08-06,defi_tvl_usd_ret,0.029984,0.029984,14
459,2023-08-06,stables_total_usd_ret,0.104517,0.104517,8
460,2023-08-06,fng_value_d1,0.08261,0.08261,12
461,2023-08-06,cme_btc_basis_close_d1,0.191137,0.191137,4
462,2023-08-06,btc_exchange_netflow_d1,0.085034,0.085034,11
463,2023-08-06,btc_miner_to_exchange_flow_d1,0.017,0.017,15
464,2023-08-06,btc_mvrv_d1,0.993158,0.993158,1
465,2023-09-13,DGS10_d1,-0.151986,0.151986,4
466,2023-09-13,DGS2_d1,-0.044607,0.044607,15
467,2023-09-13,VIXCLS_d1,-0.117296,0.117296,7
468,2023-09-13,DTWEXBGS_d1,-0.096757,0.096757,10
469,2023-09-13,DFF_d1,0.100173,0.100173,8
470,2023-09-13,spy_ret,0.198748,0.198748,3
471,2023-09-13,qqq_ret,0.227807,0.227807,2
472,2023-09-13,gld_ret,0.13861,0.13861,6
473,2023-09-13,defi_tvl_usd_ret,0.066807,0.066807,12
474,2023-09-13,stables_total_usd_ret,0.058321,0.058321,13
475,2023-09-13,fng_value_d1,0.080305,0.080305,11
476,2023-09-13,cme_btc_basis_close_d1,0.141836,0.141836,5
477,2023-09-13,btc_exchange_netflow_d1,0.09777,0.09777,9
478,2023-09-13,btc_miner_to_exchange_flow_d1,0.053272,0.053272,14
479,2023-09-13,btc_mvrv_d1,0.994577,0.994577,1
480,2023-10-16,DGS10_d1,-0.117714,0.117714,6
481,2023-10-16,DGS2_d1,-0.02401,0.02401,11
482,2023-10-16,VIXCLS_d1,-0.195852,0.195852,4
483,2023-10-16,DTWEXBGS_d1,-0.137874,0.137874,5
484,2023-10-16,DFF_d1,-0.007309,0.007309,13
485,2023-10-16,spy_ret,0.269247,0.269247,2
486,2023-10-16,qqq_ret,0.233942,0.233942,3
487,2023-10-16,gld_ret,0.062248,0.062248,8
488,2023-10-16,defi_tvl_usd_ret,-0.010972,0.010972,12
489,2023-10-16,stables_total_usd_ret,-0.027947,0.027947,10
490,2023-10-16,fng_value_d1,0.002874,0.002874,14
491,2023-10-16,cme_btc_basis_close_d1,-0.002591,0.002591,15
492,2023-10-16,btc_exchange_netflow_d1,-0.075996,0.075996,7
493,2023-10-16,btc_miner_to_exchange_flow_d1,0.034751,0.034751,9
494,2023-10-16,btc_mvrv_d1,0.996781,0.996781,1
495,2023-11-22,DGS10_d1,-0.033121,0.033121,10
496,2023-11-22,DGS2_d1,0.051257,0.051257,8
497,2023-11-22,VIXCLS_d1,-0.184097,0.184097,2
498,2023-11-22,DTWEXBGS_d1,-0.048118,0.048118,9
499,2023-11-22,DFF_d1,-0.060312,0.060312,6
500,2023-11-22,spy_ret,0.174434,0.174434,3
501,2023-11-22,qqq_ret,0.142834,0.142834,4
502,2023-11-22,gld_ret,-0.019909,0.019909,12
503,2023-11-22,defi_tvl_usd_ret,0.008781,0.008781,14
504,2023-11-22,stables_total_usd_ret,0.03061,0.03061,11
505,2023-11-22,fng_value_d1,0.008733,0.008733,15
506,2023-11-22,cme_btc_basis_close_d1,-0.014251,0.014251,13
507,2023-11-22,btc_exchange_netflow_d1,-0.054028,0.054028,7
508,2023-11-22,btc_miner_to_exchange_flow_d1,0.075891,0.075891,5
509,2023-11-22,btc_mvrv_d1,0.994887,0.994887,1
510,2023-12-31,DGS10_d1,-0.062993,0.062993,7
511,2023-12-31,DGS2_d1,-0.001067,0.001067,15
512,2023-12-31,VIXCLS_d1,-0.140479,0.140479,2
513,2023-12-31,DTWEXBGS_d1,0.018531,0.018531,13
514,2023-12-31,DFF_d1,-0.060827,0.060827,8
515,2023-12-31,spy_ret,0.140216,0.140216,3
516,2023-12-31,qqq_ret,0.100503,0.100503,4
517,2023-12-31,gld_ret,-0.06788,0.06788,6
518,2023-12-31,defi_tvl_usd_ret,-0.009937,0.009937,14
519,2023-12-31,stables_total_usd_ret,0.029045,0.029045,11
520,2023-12-31,fng_value_d1,-0.020569,0.020569,12
521,2023-12-31,cme_btc_basis_close_d1,-0.038008,0.038008,10
522,2023-12-31,btc_exchange_netflow_d1,-0.044475,0.044475,9
523,2023-12-31,btc_miner_to_exchange_flow_d1,0.094594,0.094594,5
524,2023-12-31,btc_mvrv_d1,0.988211,0.988211,1
525,2024-02-01,DGS10_d1,-0.041306,0.041306,11
526,2024-02-01,DGS2_d1,0.021835,0.021835,13
527,2024-02-01,VIXCLS_d1,-0.125141,0.125141,4
528,2024-02-01,DTWEXBGS_d1,0.020821,0.020821,14
529,2024-02-01,DFF_d1,-0.107742,0.107742,5
530,2024-02-01,spy_ret,0.17973,0.17973,2
531,2024-02-01,qqq_ret,0.151948,0.151948,3
532,2024-02-01,gld_ret,-0.071392,0.071392,7
533,2024-02-01,defi_tvl_usd_ret,-0.053598,0.053598,10
534,2024-02-01,stables_total_usd_ret,-0.089702,0.089702,6
535,2024-02-01,fng_value_d1,-0.029617,0.029617,12
536,2024-02-01,cme_btc_basis_close_d1,-0.012478,0.012478,15
537,2024-02-01,btc_exchange_netflow_d1,-0.071183,0.071183,8
538,2024-02-01,btc_miner_to_exchange_flow_d1,0.070025,0.070025,9
539,2024-02-01,btc_mvrv_d1,0.986084,0.986084,1
540,2024-03-08,DGS10_d1,0.005332,0.005332,14
541,2024-03-08,DGS2_d1,0.040662,0.040662,9
542,2024-03-08,VIXCLS_d1,-0.113894,0.113894,4
543,2024-03-08,DTWEXBGS_d1,-0.018752,0.018752,11
544,2024-03-08,DFF_d1,,,
545,2024-03-08,spy_ret,0.162455,0.162455,2
546,2024-03-08,qqq_ret,0.133439,0.133439,3
547,2024-03-08,gld_ret,-0.008145,0.008145,13
548,2024-03-08,defi_tvl_usd_ret,-0.015713,0.015713,12
549,2024-03-08,stables_total_usd_ret,-0.064763,0.064763,7
550,2024-03-08,fng_value_d1,-0.055057,0.055057,8
551,2024-03-08,cme_btc_basis_close_d1,0.023167,0.023167,10
552,2024-03-08,btc_exchange_netflow_d1,-0.093105,0.093105,6
553,2024-03-08,btc_miner_to_exchange_flow_d1,0.095051,0.095051,5
554,2024-03-08,btc_mvrv_d1,0.978116,0.978116,1
555,2024-04-10,DGS10_d1,0.037535,0.037535,11
556,2024-04-10,DGS2_d1,0.033347,0.033347,12
557,2024-04-10,VIXCLS_d1,-0.080048,0.080048,8
558,2024-04-10,DTWEXBGS_d1,-0.04631,0.04631,10
559,2024-04-10,DFF_d1,,,
560,2024-04-10,spy_ret,0.094949,0.094949,7
561,2024-04-10,qqq_ret,0.074243,0.074243,9
562,2024-04-10,gld_ret,-0.024853,0.024853,14
563,2024-04-10,defi_tvl_usd_ret,-0.132812,0.132812,4
564,2024-04-10,stables_total_usd_ret,-0.153792,0.153792,3
565,2024-04-10,fng_value_d1,-0.121886,0.121886,5
566,2024-04-10,cme_btc_basis_close_d1,0.119652,0.119652,6
567,2024-04-10,btc_exchange_netflow_d1,-0.161617,0.161617,2
568,2024-04-10,btc_miner_to_exchange_flow_d1,0.028165,0.028165,13
569,2024-04-10,btc_mvrv_d1,0.984336,0.984336,1
570,2024-05-13,DGS10_d1,0.016979,0.016979,12
571,2024-05-13,DGS2_d1,0.014449,0.014449,13
572,2024-05-13,VIXCLS_d1,-0.09038,0.09038,8
573,2024-05-13,DTWEXBGS_d1,-0.037772,0.037772,11
574,2024-05-13,DFF_d1,,,
575,2024-05-13,spy_ret,0.109476,0.109476,6
576,2024-05-13,qqq_ret,0.091861,0.091861,7
577,2024-05-13,gld_ret,-0.040772,0.040772,10
578,2024-05-13,defi_tvl_usd_ret,-0.109935,0.109935,5
579,2024-05-13,stables_total_usd_ret,-0.131356,0.131356,3
580,2024-05-13,fng_value_d1,-0.11965,0.11965,4
581,2024-05-13,cme_btc_basis_close_d1,0.056717,0.056717,9
582,2024-05-13,btc_exchange_netflow_d1,-0.164237,0.164237,2
583,2024-05-13,btc_miner_to_exchange_flow_d1,0.002655,0.002655,14
584,2024-05-13,btc_mvrv_d1,0.989264,0.989264,1
585,2024-06-14,DGS10_d1,-0.077122,0.077122,10
586,2024-06-14,DGS2_d1,-0.065558,0.065558,12
587,2024-06-14,VIXCLS_d1,-0.145864,0.145864,4
588,2024-06-14,DTWEXBGS_d1,-0.137788,0.137788,6
589,2024-06-14,DFF_d1,,,
590,2024-06-14,spy_ret,0.190075,0.190075,2
591,2024-06-14,qqq_ret,0.145731,0.145731,5
592,2024-06-14,gld_ret,0.070294,0.070294,11
593,2024-06-14,defi_tvl_usd_ret,-0.114882,0.114882,8
594,2024-06-14,stables_total_usd_ret,-0.129528,0.129528,7
595,2024-06-14,fng_value_d1,-0.11158,0.11158,9
596,2024-06-14,cme_btc_basis_close_d1,0.033689,0.033689,13
597,2024-06-14,btc_exchange_netflow_d1,-0.163124,0.163124,3
598,2024-06-14,btc_miner_to_exchange_flow_d1,-0.022339,0.022339,14
599,2024-06-14,btc_mvrv_d1,0.990685,0.990685,1
600,2024-07-16,DGS10_d1,-0.02487,0.02487,13
601,2024-07-16,DGS2_d1,-0.014862,0.014862,14
602,2024-07-16,VIXCLS_d1,-0.1649,0.1649,4
603,2024-07-16,DTWEXBGS_d1,-0.125841,0.125841,5
604,2024-07-16,DFF_d1,,,
605,2024-07-16,spy_ret,0.199007,0.199007,2
606,2024-07-16,qqq_ret,0.173244,0.173244,3
607,2024-07-16,gld_ret,0.05349,0.05349,11
608,2024-07-16,defi_tvl_usd_ret,-0.078237,0.078237,10
609,2024-07-16,stables_total_usd_ret,-0.096589,0.096589,7
610,2024-07-16,fng_value_d1,-0.088984,0.088984,8
611,2024-07-16,cme_btc_basis_close_d1,0.050111,0.050111,12
612,2024-07-16,btc_exchange_netflow_d1,-0.114236,0.114236,6
613,2024-07-16,btc_miner_to_exchange_flow_d1,-0.080772,0.080772,9
614,2024-07-16,btc_mvrv_d1,0.990626,0.990626,1
615,2024-08-15,DGS10_d1,0.019587,0.019587,12
616,2024-08-15,DGS2_d1,-0.013117,0.013117,13
617,2024-08-15,VIXCLS_d1,-0.306953,0.306953,2
618,2024-08-15,DTWEXBGS_d1,-0.100351,0.100351,8
619,2024-08-15,DFF_d1,,,
620,2024-08-15,spy_ret,0.28618,0.28618,3
621,2024-08-15,qqq_ret,0.245322,0.245322,4
622,2024-08-15,gld_ret,0.109477,0.109477,7
623,2024-08-15,defi_tvl_usd_ret,-0.029495,0.029495,11
624,2024-08-15,stables_total_usd_ret,-0.039521,0.039521,10
625,2024-08-15,fng_value_d1,-0.111392,0.111392,6
626,2024-08-15,cme_btc_basis_close_d1,0.000335,0.000335,14
627,2024-08-15,btc_exchange_netflow_d1,-0.093248,0.093248,9
628,2024-08-15,btc_miner_to_exchange_flow_d1,-0.156986,0.156986,5
629,2024-08-15,btc_mvrv_d1,0.990464,0.990464,1
630,2024-09-20,DGS10_d1,-0.027397,0.027397,14
631,2024-09-20,DGS2_d1,-0.040937,0.040937,13
632,2024-09-20,VIXCLS_d1,-0.364512,0.364512,2
633,2024-09-20,DTWEXBGS_d1,-0.164507,0.164507,6
634,2024-09-20,DFF_d1,-0.055601,0.055601,11
635,2024-09-20,spy_ret,0.362291,0.362291,3
636,2024-09-20,qqq_ret,0.315227,0.315227,4
637,2024-09-20,gld_ret,0.1501,0.1501,7
638,2024-09-20,defi_tvl_usd_ret,-0.063229,0.063229,10
639,2024-09-20,stables_total_usd_ret,-0.045025,0.045025,12
640,2024-09-20,fng_value_d1,-0.10255,0.10255,8
641,2024-09-20,cme_btc_basis_close_d1,-0.008591,0.008591,15
642,2024-09-20,btc_exchange_netflow_d1,-0.093424,0.093424,9
643,2024-09-20,btc_miner_to_exchange_flow_d1,-0.186719,0.186719,5
644,2024-09-20,btc_mvrv_d1,0.990448,0.990448,1
645,2024-10-22,DGS10_d1,-0.046275,0.046275,11
646,2024-10-22,DGS2_d1,-0.04063,0.04063,13
647,2024-10-22,VIXCLS_d1,-0.427676,0.427676,3
648,2024-10-22,DTWEXBGS_d1,-0.184846,0.184846,5
649,2024-10-22,DFF_d1,-0.061772,0.061772,9
650,2024-10-22,spy_ret,0.450289,0.450289,2
651,2024-10-22,qqq_ret,0.381073,0.381073,4
652,2024-10-22,gld_ret,0.175655,0.175655,6
653,2024-10-22,defi_tvl_usd_ret,0.013904,0.013904,14
654,2024-10-22,stables_total_usd_ret,-0.011316,0.011316,15
655,2024-10-22,fng_value_d1,-0.043598,0.043598,12
656,2024-10-22,cme_btc_basis_close_d1,-0.080096,0.080096,8
657,2024-10-22,btc_exchange_netflow_d1,-0.050369,0.050369,10
658,2024-10-22,btc_miner_to_exchange_flow_d1,-0.164733,0.164733,7
659,2024-10-22,btc_mvrv_d1,0.993359,0.993359,1
660,2024-11-21,DGS10_d1,0.034233,0.034233,13
661,2024-11-21,DGS2_d1,-0.002651,0.002651,15
662,2024-11-21,VIXCLS_d1,-0.429967,0.429967,3
663,2024-11-21,DTWEXBGS_d1,-0.051612,0.051612,11
664,2024-11-21,DFF_d1,-0.051808,0.051808,10
665,2024-11-21,spy_ret,0.455783,0.455783,2
666,2024-11-21,qqq_ret,0.374057,0.374057,4
667,2024-11-21,gld_ret,0.091353,0.091353,5
668,2024-11-21,defi_tvl_usd_ret,0.062392,0.062392,7
669,2024-11-21,stables_total_usd_ret,0.08047,0.08047,6
670,2024-11-21,fng_value_d1,-0.055374,0.055374,8
671,2024-11-21,cme_btc_basis_close_d1,0.002807,0.002807,14
672,2024-11-21,btc_exchange_netflow_d1,-0.052796,0.052796,9
673,2024-11-21,btc_miner_to_exchange_flow_d1,-0.049173,0.049173,12
674,2024-11-21,btc_mvrv_d1,0.992686,0.992686,1
675,2024-12-24,DGS10_d1,0.058689,0.058689,8
676,2024-12-24,DGS2_d1,0.022371,0.022371,13
677,2024-12-24,VIXCLS_d1,-0.41936,0.41936,3
678,2024-12-24,DTWEXBGS_d1,-0.027353,0.027353,11
679,2024-12-24,DFF_d1,0.008817,0.008817,15
680,2024-12-24,spy_ret,0.478669,0.478669,2
681,2024-12-24,qqq_ret,0.416244,0.416244,4
682,2024-12-24,gld_ret,0.115236,0.115236,7
683,2024-12-24,defi_tvl_usd_ret,0.120359,0.120359,6
684,2024-12-24,stables_total_usd_ret,0.048086,0.048086,10
685,2024-12-24,fng_value_d1,-0.051539,0.051539,9
686,2024-12-24,cme_btc_basis_close_d1,0.015424,0.015424,14
687,2024-12-24,btc_exchange_netflow_d1,-0.026892,0.026892,12
688,2024-12-24,btc_miner_to_exchange_flow_d1,-0.133902,0.133902,5
689,2024-12-24,btc_mvrv_d1,0.987581,0.987581,1
690,2025-01-23,DGS10_d1,0.020964,0.020964,13
691,2025-01-23,DGS2_d1,0.023685,0.023685,12
692,2025-01-23,VIXCLS_d1,-0.445326,0.445326,4
693,2025-01-23,DTWEXBGS_d1,-0.126897,0.126897,6
694,2025-01-23,DFF_d1,0.013056,0.013056,14
695,2025-01-23,spy_ret,0.509052,0.509052,2
696,2025-01-23,qqq_ret,0.447577,0.447577,3
697,2025-01-23,gld_ret,0.145561,0.145561,5
698,2025-01-23,defi_tvl_usd_ret,0.110766,0.110766,7
699,2025-01-23,stables_total_usd_ret,0.006202,0.006202,15
700,2025-01-23,fng_value_d1,-0.04778,0.04778,10
701,2025-01-23,cme_btc_basis_close_d1,0.02933,0.02933,11
702,2025-01-23,btc_exchange_netflow_d1,-0.076882,0.076882,9
703,2025-01-23,btc_miner_to_exchange_flow_d1,-0.09208,0.09208,8
704,2025-01-23,btc_mvrv_d1,0.987722,0.987722,1
705,2025-02-27,DGS10_d1,-0.011956,0.011956,13
706,2025-02-27,DGS2_d1,0.022989,0.022989,11
707,2025-02-27,VIXCLS_d1,-0.343165,0.343165,4
708,2025-02-27,DTWEXBGS_d1,-0.139268,0.139268,5
709,2025-02-27,DFF_d1,0.012415,0.012415,12
710,2025-02-27,spy_ret,0.446189,0.446189,2
711,2025-02-27,qqq_ret,0.408612,0.408612,3
712,2025-02-27,gld_ret,0.111625,0.111625,7
713,2025-02-27,defi_tvl_usd_ret,0.099564,0.099564,9
714,2025-02-27,stables_total_usd_ret,-0.005423,0.005423,14
715,2025-02-27,fng_value_d1,-0.030135,0.030135,10
716,2025-02-27,cme_btc_basis_close_d1,0.101591,0.101591,8
717,2025-02-27,btc_exchange_netflow_d1,-0.115557,0.115557,6
718,2025-02-27,btc_miner_to_exchange_flow_d1,0.001857,0.001857,15
719,2025-02-27,btc_mvrv_d1,0.988578,0.988578,1
720,2025-04-02,DGS10_d1,0.098565,0.098565,8
721,2025-04-02,DGS2_d1,0.113128,0.113128,7
722,2025-04-02,VIXCLS_d1,-0.37478,0.37478,4
723,2025-04-02,DTWEXBGS_d1,-0.058712,0.058712,10
724,2025-04-02,DFF_d1,0.046086,0.046086,11
725,2025-04-02,spy_ret,0.412668,0.412668,2
726,2025-04-02,qqq_ret,0.408834,0.408834,3
727,2025-04-02,gld_ret,0.016738,0.016738,15
728,2025-04-02,defi_tvl_usd_ret,0.021398,0.021398,14
729,2025-04-02,stables_total_usd_ret,-0.031328,0.031328,13
730,2025-04-02,fng_value_d1,-0.034101,0.034101,12
731,2025-04-02,cme_btc_basis_close_d1,0.115119,0.115119,6
732,2025-04-02,btc_exchange_netflow_d1,-0.151818,0.151818,5
733,2025-04-02,btc_miner_to_exchange_flow_d1,-0.070078,0.070078,9
734,2025-04-02,btc_mvrv_d1,0.990345,0.990345,1
735,2025-05-02,DGS10_d1,0.128517,0.128517,7
736,2025-05-02,DGS2_d1,0.20331,0.20331,5
737,2025-05-02,VIXCLS_d1,-0.367629,0.367629,4
738,2025-05-02,DTWEXBGS_d1,-0.026989,0.026989,14
739,2025-05-02,DFF_d1,0.046178,0.046178,11
740,2025-05-02,spy_ret,0.399684,0.399684,3
741,2025-05-02,qqq_ret,0.406286,0.406286,2
742,2025-05-02,gld_ret,0.013413,0.013413,15
743,2025-05-02,defi_tvl_usd_ret,-0.044221,0.044221,12
744,2025-05-02,stables_total_usd_ret,-0.058298,0.058298,10
745,2025-05-02,fng_value_d1,-0.098073,0.098073,9
746,2025-05-02,cme_btc_basis_close_d1,0.127507,0.127507,8
747,2025-05-02,btc_exchange_netflow_d1,-0.147485,0.147485,6
748,2025-05-02,btc_miner_to_exchange_flow_d1,-0.027149,0.027149,13
749,2025-05-02,btc_mvrv_d1,0.989833,0.989833,1
750,2025-06-05,DGS10_d1,0.114389,0.114389,8
751,2025-06-05,DGS2_d1,0.216786,0.216786,5
752,2025-06-05,VIXCLS_d1,-0.33803,0.33803,4
753,2025-06-05,DTWEXBGS_d1,-0.087401,0.087401,12
754,2025-06-05,DFF_d1,0.082766,0.082766,14
755,2025-06-05,spy_ret,0.343523,0.343523,3
756,2025-06-05,qqq_ret,0.381153,0.381153,2
757,2025-06-05,gld_ret,0.093562,0.093562,10
758,2025-06-05,defi_tvl_usd_ret,-0.087733,0.087733,11
759,2025-06-05,stables_total_usd_ret,-0.045368,0.045368,15
760,2025-06-05,fng_value_d1,-0.083355,0.083355,13
761,2025-06-05,cme_btc_basis_close_d1,0.104628,0.104628,9
762,2025-06-05,btc_exchange_netflow_d1,-0.119886,0.119886,6
763,2025-06-05,btc_miner_to_exchange_flow_d1,-0.114934,0.114934,7
764,2025-06-05,btc_mvrv_d1,0.989317,0.989317,1
765,2025-07-10,DGS10_d1,0.191378,0.191378,7
766,2025-07-10,DGS2_d1,0.278215,0.278215,5
767,2025-07-10,VIXCLS_d1,-0.342028,0.342028,3
768,2025-07-10,DTWEXBGS_d1,-0.053971,0.053971,11
769,2025-07-10,DFF_d1,,,
770,2025-07-10,spy_ret,0.321291,0.321291,4
771,2025-07-10,qqq_ret,0.348646,0.348646,2
772,2025-07-10,gld_ret,-0.007029,0.007029,13
773,2025-07-10,defi_tvl_usd_ret,-0.151897,0.151897,8
774,2025-07-10,stables_total_usd_ret,-0.023375,0.023375,12
775,2025-07-10,fng_value_d1,-0.080665,0.080665,10
776,2025-07-10,cme_btc_basis_close_d1,0.094019,0.094019,9
777,2025-07-10,btc_exchange_netflow_d1,-0.195587,0.195587,6
778,2025-07-10,btc_miner_to_exchange_flow_d1,-0.005798,0.005798,14
779,2025-07-10,btc_mvrv_d1,0.99397,0.99397,1
780,2025-08-12,DGS10_d1,0.250076,0.250076,6
781,2025-08-12,DGS2_d1,0.29569,0.29569,5
782,2025-08-12,VIXCLS_d1,-0.331717,0.331717,3
783,2025-08-12,DTWEXBGS_d1,-8.6e-05,8.6e-05,14
784,2025-08-12,DFF_d1,,,
785,2025-08-12,spy_ret,0.307062,0.307062,4
786,2025-08-12,qqq_ret,0.334591,0.334591,2
787,2025-08-12,gld_ret,-0.017178,0.017178,11
788,2025-08-12,defi_tvl_usd_ret,-0.167027,0.167027,8
789,2025-08-12,stables_total_usd_ret,-0.010088,0.010088,12
790,2025-08-12,fng_value_d1,-0.075432,0.075432,9
791,2025-08-12,cme_btc_basis_close_d1,0.070924,0.070924,10
792,2025-08-12,btc_exchange_netflow_d1,-0.179175,0.179175,7
793,2025-08-12,btc_miner_to_exchange_flow_d1,-0.002846,0.002846,13
794,2025-08-12,btc_mvrv_d1,0.994604,0.994604,1
795,2025-09-13,DGS10_d1,0.170036,0.170036,7
796,2025-09-13,DGS2_d1,0.178618,0.178618,5
797,2025-09-13,VIXCLS_d1,-0.381518,0.381518,3
798,2025-09-13,DTWEXBGS_d1,-0.076968,0.076968,10
799,2025-09-13,DFF_d1,,,
800,2025-09-13,spy_ret,0.356445,0.356445,4
801,2025-09-13,qqq_ret,0.381709,0.381709,2
802,2025-09-13,gld_ret,0.024624,0.024624,14
803,2025-09-13,defi_tvl_usd_ret,-0.177242,0.177242,6
804,2025-09-13,stables_total_usd_ret,-0.078769,0.078769,9
805,2025-09-13,fng_value_d1,-0.057905,0.057905,11
806,2025-09-13,cme_btc_basis_close_d1,0.047267,0.047267,12
807,2025-09-13,btc_exchange_netflow_d1,-0.146221,0.146221,8
808,2025-09-13,btc_miner_to_exchange_flow_d1,-0.041188,0.041188,13
809,2025-09-13,btc_mvrv_d1,0.994787,0.994787,1
810,2025-10-16,DGS10_d1,0.124325,0.124325,6
811,2025-10-16,DGS2_d1,0.154525,0.154525,5
812,2025-10-16,VIXCLS_d1,-0.396967,0.396967,2
813,2025-10-16,DTWEXBGS_d1,-0.089337,0.089337,7
814,2025-10-16,DFF_d1,-0.032977,0.032977,12
815,2025-10-16,spy_ret,0.378757,0.378757,4
816,2025-10-16,qqq_ret,0.386422,0.386422,3
817,2025-10-16,gld_ret,0.016778,0.016778,13
818,2025-10-16,defi_tvl_usd_ret,-0.070364,0.070364,9
819,2025-10-16,stables_total_usd_ret,-0.070073,0.070073,10
820,2025-10-16,fng_value_d1,-0.006677,0.006677,15
821,2025-10-16,cme_btc_basis_close_d1,0.059718,0.059718,11
822,2025-10-16,btc_exchange_netflow_d1,-0.089237,0.089237,8
823,2025-10-16,btc_miner_to_exchange_flow_d1,-0.014159,0.014159,14
824,2025-10-16,btc_mvrv_d1,0.994135,0.994135,1
825,2025-11-24,DGS10_d1,0.108758,0.108758,9
826,2025-11-24,DGS2_d1,0.005485,0.005485,15
827,2025-11-24,VIXCLS_d1,-0.375338,0.375338,4
828,2025-11-24,DTWEXBGS_d1,-0.128228,0.128228,7
829,2025-11-24,DFF_d1,-0.102694,0.102694,10
830,2025-11-24,spy_ret,0.388272,0.388272,3
831,2025-11-24,qqq_ret,0.406351,0.406351,2
832,2025-11-24,gld_ret,0.125592,0.125592,8
833,2025-11-24,defi_tvl_usd_ret,0.075734,0.075734,11
834,2025-11-24,stables_total_usd_ret,-0.031185,0.031185,14
835,2025-11-24,fng_value_d1,0.164383,0.164383,6
836,2025-11-24,cme_btc_basis_close_d1,0.056211,0.056211,13
837,2025-11-24,btc_exchange_netflow_d1,-0.071085,0.071085,12
838,2025-11-24,btc_miner_to_exchange_flow_d1,-0.164874,0.164874,5
839,2025-11-24,btc_mvrv_d1,0.993432,0.993432,1
840,2026-01-03,DGS10_d1,0.060738,0.060738,14
841,2026-01-03,DGS2_d1,-0.012967,0.012967,15
842,2026-01-03,VIXCLS_d1,-0.406994,0.406994,4
843,2026-01-03,DTWEXBGS_d1,-0.180511,0.180511,5
844,2026-01-03,DFF_d1,-0.104967,0.104967,9
845,2026-01-03,spy_ret,0.466426,0.466426,3
846,2026-01-03,qqq_ret,0.473736,0.473736,2
847,2026-01-03,gld_ret,0.12773,0.12773,8
848,2026-01-03,defi_tvl_usd_ret,0.070933,0.070933,13
849,2026-01-03,stables_total_usd_ret,-0.085873,0.085873,10
850,2026-01-03,fng_value_d1,0.171124,0.171124,6
851,2026-01-03,cme_btc_basis_close_d1,0.083055,0.083055,11
852,2026-01-03,btc_exchange_netflow_d1,-0.076182,0.076182,12
853,2026-01-03,btc_miner_to_exchange_flow_d1,-0.164761,0.164761,7
854,2026-01-03,btc_mvrv_d1,0.989915,0.989915,1
855,2026-02-08,DGS10_d1,0.03035,0.03035,13
856,2026-02-08,DGS2_d1,0.021951,0.021951,14
857,2026-02-08,VIXCLS_d1,-0.476121,0.476121,4
858,2026-02-08,DTWEXBGS_d1,-0.192032,0.192032,7
859,2026-02-08,DFF_d1,-0.087054,0.087054,12
860,2026-02-08,spy_ret,0.543967,0.543967,2
861,2026-02-08,qqq_ret,0.537054,0.537054,3
862,2026-02-08,gld_ret,0.232343,0.232343,6
863,2026-02-08,defi_tvl_usd_ret,-0.006721,0.006721,15
864,2026-02-08,stables_total_usd_ret,-0.100017,0.100017,11
865,2026-02-08,fng_value_d1,0.186546,0.186546,8
866,2026-02-08,cme_btc_basis_close_d1,0.135966,0.135966,9
867,2026-02-08,btc_exchange_netflow_d1,-0.124248,0.124248,10
868,2026-02-08,btc_miner_to_exchange_flow_d1,-0.268569,0.268569,5
869,2026-02-08,btc_mvrv_d1,0.98627,0.98627,1
870,2026-03-12,DGS10_d1,0.041469,0.041469,14
871,2026-03-12,DGS2_d1,0.039551,0.039551,15
872,2026-03-12,VIXCLS_d1,-0.486664,0.486664,4
873,2026-03-12,DTWEXBGS_d1,-0.174138,0.174138,7
874,2026-03-12,DFF_d1,-0.080136,0.080136,11
875,2026-03-12,spy_ret,0.544861,0.544861,2
876,2026-03-12,qqq_ret,0.543195,0.543195,3
877,2026-03-12,gld_ret,0.233385,0.233385,5
878,2026-03-12,defi_tvl_usd_ret,-0.044979,0.044979,13
879,2026-03-12,stables_total_usd_ret,-0.128418,0.128418,10
880,2026-03-12,fng_value_d1,0.15312,0.15312,8
881,2026-03-12,cme_btc_basis_close_d1,0.04663,0.04663,12
882,2026-03-12,btc_exchange_netflow_d1,-0.149282,0.149282,9
883,2026-03-12,btc_miner_to_exchange_flow_d1,-0.230899,0.230899,6
884,2026-03-12,btc_mvrv_d1,0.979054,0.979054,1
